id;installation_id;created;last_connected
1;Practical;2021-03-06T19:50:24;2021-03-06T23:59:47
2;monitor;2021-03-06T22:07:22;2021-03-06T20:07:03
3;Designer project Horizontal;2021-03-06T16:34:28;2021-03-06T18:00:33
4;user-facing;2021-03-06T16:38:52;2021-03-06T21:23:21
5;Massachusetts Fantastic input;2021-03-06T20:25:20;2021-03-07T02:24:38
6;Director reboot;2021-03-07T10:18:50;2021-03-07T07:39:27
7;Steel;2021-03-07T11:00:46;2021-03-07T08:57:40
8;input Cambridgeshire;2021-03-06T17:45:10;2021-03-06T17:50:51
9;Bike Cheese;2021-03-06T18:24:14;2021-03-07T01:52:41
10;overriding Right-sized Valleys;2021-03-07T13:28:45;2021-03-07T03:48:27
